Names,Emails
Vishal,vishal080804@gmail.com
Arya,22311a6690@aiml.sreenidhi.edu.in
Priya,priya.sharma@example.com
Rahul,rahul.verma@example.com
Sneha,sneha.mishra@example.com
Ankit,ankit.patel@example.com
Divya,divya.ramesh@example.com
Rohan,rohan.kumar@example.com
Meera,meera.jain@example.com
Kabir,kabir.ahmed@example.com
